year,constituency,no_of_registered_electors,no_of_rejected_votes,no_of_spoilt_ballot_papers
1957,Cairnhill,14802,74,6
1957,Tanjong Pagar,14761,76,4
1961,Hong Lim,11892,251,2
1961,Anson,9816,131,3
1965,Hong Lim,11837,114,2
1966,Bukit Merah,13489,396,1
1966,Chua Chu Kang,14854,na,na
1966,Crawford,9918,na,na
1966,Paya Lebar,10450,na,na
1966,Bukit Timah,15760,na,na
1966,Joo Chiat,8757,na,na
1966,Jurong,16205,na,na
1967,Bukit Panjang,16070,na,na
1967,Havelock,12898,na,na
1967,Jalan Kayu,11275,na,na
1967,Tampines,16481,na,na
1967,Thomson,14123,370,3
1970,Delta,19031,na,na
1970,Havelock,11498,na,na
1970,Kampong Kapor,10990,388,3
1970,Ulu Pandan,14320,412,2
1970,Whampoa,13286,na,na
1977,Radin Mas,17879,341,0
1977,Bukit Merah,16937,384,4
1979,Anson,11243,267,2
1979,Geylang West,20874,na,na
1979,Mountbatten,14258,366,8
1979,Nee Soon,15932,na,na
1979,Potong Pasir,14707,307,0
1979,Sembawang,17665,362,3
1979,Telok Blangah,22202,366,9
1981,Anson,14512,244,2
1992,Marine Parade,73986,1310,35
2012,Hougang,23368,295,4
2013,Punggol East,31649,418,7
2016,Bukit Batok,25727,622,2
