year,constituency,constituency_type,candidates,party,vote_count,vote_percentage
1957,Cairnhill,na,Abdul Majid Mirza,Independent,91,0.0156
1957,Cairnhill,na,Goh Kong Beng,Independent,1281,0.2203
1957,Cairnhill,na,Keng Ban Ee,SLF,1118,0.1923
1957,Cairnhill,na,Soh Ghee Soon,LSP,2342,0.4028
1957,Cairnhill,na,Tengku Muda Muhamed bin Mahmud,Independent,983,0.169
1957,Tanjong Pagar,na,Chong Wee Ling,LSP,1315,0.1903
1957,Tanjong Pagar,na,Koh Choon Hong,Independent,887,0.1284
1957,Tanjong Pagar,na,Lee Kuan Yew,PAP,4707,0.6813
1961,Anson,na,Chee Phui Hung,SA,1482,0.1784
1961,Anson,na,K. M. Ibrahim,SC,69,0.0084
1961,Anson,na,Ismail Haji Hussain,LSP,104,0.0125
1961,Anson,na,M. Awang,PAP,3052,0.3675
1961,Anson,na,David Marshall,WP,3598,0.4332
1961,Hong Lim,na,Jek Yeun Thong,PAP,2820,0.2669
1961,Hong Lim,na,Ong Eng Guan,Independent,7747,0.7331
1965,Hong Lim,na,Lee Khoon Choy,PAP,6398,0.5955
1965,Hong Lim,na,Ong Chang Sam,BS,4346,0.4045
1966,Bukit Merah,na,Lim Guan Hoo,PAP,9082,0.8294
1966,Bukit Merah,na,M. P. D. Nair,Independent,1868,0.1706
1966,Bukit Timah,na,Chor Yeok Eng,PAP,na,na
1966,Chua Chu Kang,na,Tang See Chim,PAP,na,na
1966,Crawford,na,Sellappa Ramaswamy,PAP,na,na
1966,Joo Chiat,na,Yeoh Ghim Seng,PAP,na,na
1966,Jurong,na,Ho Kah Leong,PAP,na,na
1966,Paya Lebar,na,Tay Boon Too,PAP,na,na
1967,Bukit Panjang,na,Pathmanaban Selvadurai,PAP,na,na
1967,Havelock,na,Lim Soo Peng,PAP,na,na
1967,Jalan Kayu,na,Teo Hup Teck,PAP,na,na
1967,Tampines,na,Chew Chin Han,PAP,na,na
1967,Thomson,na,Ang Nam Piau,PAP,9407,0.8359
1967,Thomson,na,Chan Yoke Kwong,Independent,537,0.0477
1967,Thomson,na,M. P. D. Nair,Independent,1310,0.1164
1970,Delta,na,Yeo Choo Kok,PAP,na,na
1970,Havelock,na,Hon Sui Sen,PAP,na,na
1970,Kampong Kapor,na,Chng Boon Eng,UNF,3330,0.376
1970,Kampong Kapor,na,Yeo Toon Chia,PAP,5527,0.624
1970,Ulu Pandan,na,Chiang Hai Ding,PAP,9018,0.7551
1970,Ulu Pandan,na,R. Vetrivelu,UNF,2925,0.2449
1970,Whampoa,na,"Tan Hui-Heng, Augustine",PAP,na,na
1977,Bukit Merah,na,Lee Siew Choh,BS,4473,0.2779
1977,Bukit Merah,na,Lim Chee Onn,PAP,11625,0.7221
1977,Radin Mas,na,Bernard Chen Tien Lap,PAP,12053,0.7059
1977,Radin Mas,na,J. B. Jeyaretnam,WP,5021,0.2941
1979,Anson,na,C.V. Devan Nair,PAP,8127,0.8621
1979,Anson,na,Wee Lai Seng Johnny,UF,1300,0.1379
1979,Geylang West,na,Teh Cheang Wan,PAP,na,na
1979,Mountbatten,na,Seow Khee Leng,UF,2642,0.2006
1979,Mountbatten,na,Eugene Yap Giau Cheng,PAP,10528,0.7994
1979,Nee Soon,na,Koh Lip Lin,PAP,na,na
1979,Potong Pasir,na,Chiam See Tong,Independent,4491,0.3315
1979,Potong Pasir,na,Howe Yoon Chong,PAP,9056,0.6685
1979,Sembawang,na,Harbans Singh,UPF,3528,0.2158
1979,Sembawang,na,Tony Tan Keng Yam,PAP,12824,0.7842
1979,Telok Blangah,na,J.B. Jeyaretnam,WP,8036,0.3878
1979,Telok Blangah,na,Rohan bin Kamis,PAP,12687,0.6122
1981,Anson,na,Harbans Singh,UPF,131,0.0097
1981,Anson,na,J. B. Jeyaretnam,WP,7012,0.5193
1981,Anson,na,Pang Kim Hin,PAP,6359,0.471
1992,Marine Parade,GRC,A R Suib | Lim Teong Howe | Theng Chin Eng | Yen Kim Khooi,SJP,764,0.0114
1992,Marine Parade,GRC,Chee Soon Juan | Low Yong Nguan | Md Shariff bin Yahya | Ashleigh Seow Chuan Hock,SDP,16447,0.245
1992,Marine Parade,GRC,Goh Chok Tong | Othman Haron Eusofe | Teo Chee Hean | Matthias Yao Chih,PAP,48965,0.7294
1992,Marine Parade,GRC,Sarry bin Hassan | Ken Sunn | Tan Chee Kien | Yong Choon Poh,NSP,950,0.0142
2012,Hougang,SMC,Desmond Choo,PAP,8223,0.3792
2012,Hougang,SMC,Png Eng Huat,WP,13460,0.6208
2013,Punggol East,SMC,Kenneth Andrew Jeyaretnam,RP,353,0.012
2013,Punggol East,SMC,Koh Poh Koon,PAP,12875,0.4373
2013,Punggol East,SMC,Lee Li Lian,WP,16045,0.545
2013,Punggol East,SMC,Desmond Lim Bak Chuan,SDA,168,0.0057
2016,Bukit Batok,SMC,Chee Soon Juan,SDP,9150,0.3877
2016,Bukit Batok,SMC,Murali Pillai,PAP,14452,0.6123
